time,latitude,longitude,depth,mag,magType,nst,gap,dmin,rms,net,id,updated,place,type,horizontalError,depthError,magError,magNst,status,locationSource,magSource
2017-10-02T19:14:34.260Z,37.4560013,-118.8293304,1.57,2,md,22,180,0.09131,0.03,nc,nc72903261,2017-10-02T19:23:24.471Z,"24km SSE of Mammoth Lakes, California",earthquake,0.41,1.11,0.13,21,automatic,nc,nc
2017-10-02T19:01:21.550Z,35.9316667,-117.6531667,2.29,1,ml,14,71,0.01636,0.17,ci,ci38017120,2017-10-02T19:04:53.844Z,"23km E of Little Lake, CA",earthquake,0.32,0.3,0.096,12,automatic,ci,ci
2017-10-02T19:00:47.720Z,40.7473335,-122.3044968,3.2,1.66,md,10,73,0.189,0.05,nc,nc72903251,2017-10-02T19:06:02.641Z,"9km NE of Shasta Lake, California",earthquake,0.4,7.67,0.15,6,automatic,nc,nc
2017-10-02T18:49:48.880Z,34.2796667,-117.133,5.54,1.66,ml,61,41,0.09664,0.14,ci,ci38017104,2017-10-02T19:00:41.010Z,"6km NE of Lake Arrowhead, CA",earthquake,0.19,0.66,0.154,30,automatic,ci,ci
2017-10-02T18:36:21.000Z,34.105,-117.1631667,27.02,1.77,ml,10,174,0.2532,0.22,ci,ci38017072,2017-10-02T18:40:04.008Z,"5km NW of Mentone, CA",earthquake,1.22,0.86,0.372,23,automatic,ci,ci
2017-10-02T18:29:16.480Z,33.9216667,-117.86,45.42,1.99,ml,12,99,0.1099,0.27,ci,ci38017064,2017-10-02T18:32:56.617Z,"4km E of Brea, CA",earthquake,1.24,3.33,0.408,33,automatic,ci,ci
2017-10-02T18:23:44.130Z,33.7248333,-116.8163333,15.88,0.77,ml,19,88,0.08624,0.13,ci,ci38017056,2017-10-02T18:27:20.863Z,"8km ESE of Valle Vista, CA",earthquake,0.37,0.48,0.121,13,automatic,ci,ci
2017-10-02T18:00:47.502Z,59.642,-152.9366,98.9,2.2,ml,,,,0.74,ak,ak16988088,2017-10-02T18:05:55.216Z,"63km WSW of Anchor Point, Alaska",earthquake,,0.6,,,automatic,ak,ak
2017-10-02T17:46:43.731Z,37.2386,-115.4944,0,1,ml,15,148.71,0.391,0.1826,nn,nn00607868,2017-10-02T18:20:49.325Z,"32km WSW of Alamo, Nevada",earthquake,,6,0.27,9,reviewed,nn,nn
2017-10-02T17:38:57.200Z,33.6281667,-116.6886667,7.81,0.28,ml,18,58,0.07461,0.25,ci,ci38017024,2017-10-02T17:42:30.997Z,"8km N of Anza, CA",earthquake,0.52,0.88,0.152,5,automatic,ci,ci
2017-10-02T17:02:36.000Z,37.4553337,-118.8301697,2.33,1.54,md,15,200,0.09217,0.03,nc,nc72903196,2017-10-02T18:04:02.792Z,"24km SSE of Mammoth Lakes, California",earthquake,0.51,0.99,0.26,11,automatic,nc,nc
2017-10-02T16:44:21.063Z,38.2527,-118.8102,14.4,0.4,ml,4,250.7,0.191,0.0379,nn,nn00607902,2017-10-02T19:18:13.071Z,"34km SSW of Hawthorne, Nevada",earthquake,,24.2,0.04,3,reviewed,nn,nn
2017-10-02T16:39:54.140Z,37.4546661,-118.8306656,2.12,1.44,md,13,190,0.09277,0.04,nc,nc72903176,2017-10-02T17:53:03.763Z,"24km SSE of Mammoth Lakes, California",earthquake,0.58,1.06,0.26,10,automatic,nc,nc
2017-10-02T16:38:53.546Z,38.3767,-118.3279,3.8,-0.1,ml,4,160.56,0.029,0.0737,nn,nn00607900,2017-10-02T19:15:00.706Z,"30km ESE of Hawthorne, Nevada",earthquake,,4.2,0.18,3,reviewed,nn,nn
2017-10-02T16:32:59.110Z,33.4245,-116.4148333,13.09,0.87,ml,25,156,0.09906,0.21,ci,ci38016944,2017-10-02T16:36:39.460Z,"19km N of Borrego Springs, CA",earthquake,0.53,0.82,0.167,23,automatic,ci,ci
2017-10-02T16:30:34.070Z,37.4550018,-118.8270035,2.15,1.93,md,29,180,0.08993,0.04,nc,nc72903166,2017-10-02T17:33:03.718Z,"25km SSE of Mammoth Lakes, California",earthquake,0.38,1.01,0.15,27,automatic,nc,nc
2017-10-02T16:23:16.610Z,37.4544983,-118.8266678,1.72,1.79,md,24,180,0.08987,0.04,nc,nc72903156,2017-10-02T19:23:02.677Z,"25km SSE of Mammoth Lakes, California",earthquake,0.44,1.12,0.2,22,automatic,nc,nc
2017-10-02T16:18:06.740Z,37.4536667,-118.829,2.61,3.02,ml,46,79,0.0919,0.05,nc,nc72903146,2017-10-02T19:27:05.002Z,"25km SSE of Mammoth Lakes, California",earthquake,0.23,0.87,0.321,7,reviewed,nc,nc
2017-10-02T16:09:15.530Z,37.5853348,-118.9455032,-0.27,1.07,md,11,229,0.03368,0.02,nc,nc72903141,2017-10-02T18:40:02.890Z,"7km SSE of Mammoth Lakes, California",earthquake,0.71,1.22,0.1,8,automatic,nc,nc
2017-10-02T16:03:44.920Z,33.8736667,-117.0343333,0.23,1.27,ml,27,68,0.1366,0.22,ci,ci38016888,2017-10-02T16:07:41.862Z,"8km SW of Beaumont, CA",earthquake,0.42,31.61,0.167,33,automatic,ci,ci
2017-10-02T15:46:48.997Z,67.1697,-142.9837,0,1.4,ml,,,,0.57,ak,ak16988071,2017-10-02T15:53:54.891Z,"120km NE of Fort Yukon, Alaska",earthquake,,0.6,,,automatic,ak,ak
2017-10-02T15:42:40.926Z,36.5559,-113.8425,8.1,1.7,ml,14,178.53,0.598,0.2556,nn,nn00607854,2017-10-02T16:10:38.111Z,"34km SE of Mesquite, Nevada",earthquake,,4.5,0.32,7,reviewed,nn,nn
2017-10-02T15:38:40.357Z,36.6493,-115.7762,2.9,0.5,ml,9,264.63,0.15,0.1671,nn,nn00607899,2017-10-02T19:11:49.951Z,"52km NNE of Pahrump, Nevada",earthquake,,6.6,0.45,5,reviewed,nn,nn
2017-10-02T15:31:06.200Z,38.7944984,-122.7543335,0.63,0.86,md,10,88,0.01777,0.03,nc,nc72903126,2017-10-02T16:54:03.577Z,"1km N of The Geysers, California",earthquake,0.32,0.75,0.19,4,automatic,nc,nc
2017-10-02T15:20:21.760Z,42.5463333,-111.4145,7.87,2.05,ml,18,47,0.04771,0.16,uu,uu60250907,2017-10-02T18:12:40.640Z,"19km SE of Soda Springs, Idaho",earthquake,0.32,0.55,0.124,6,reviewed,uu,uu
2017-10-02T15:14:39.290Z,36.4623333,-120.9963333,5.71,1.36,md,11,155,0.04182,0.04,nc,nc72903111,2017-10-02T18:57:03.936Z,"27km NE of Greenfield, California",earthquake,0.39,0.73,0.234,10,reviewed,nc,nc
2017-10-02T15:14:10.972Z,38.0729,-118.7916,1.9,0.4,ml,7,240.6,0.013,0.111,nn,nn00607877,2017-10-02T18:30:11.207Z,"43km ESE of Bridgeport, California",earthquake,,1.7,0,1,reviewed,nn,nn
2017-10-02T15:12:39.610Z,36.5505,-89.8025,12.47,2.19,md,36,60,0.07383,0.1,nm,nm60207666,2017-10-02T16:38:30.700Z,"14km E of Malden, Missouri",earthquake,0.16,0.33,0.057,17,reviewed,nm,nm
2017-10-02T14:59:51.417Z,61.2492,-146.8151,19.9,2.7,ml,,,,0.59,ak,ak16988065,2017-10-02T15:14:45.005Z,"28km WNW of Valdez, Alaska",earthquake,,0.4,,,automatic,ak,ak
2017-10-02T14:08:10.020Z,2.6798,127.1289,25.66,4.7,mb,,113,1.91,0.65,us,us2000axtv,2017-10-02T14:48:31.040Z,"143km NW of Tobelo, Indonesia",earthquake,4.2,5.6,0.085,42,reviewed,us,us
2017-10-02T14:00:17.750Z,46.5141667,-122.2773333,16.19,0.48,ml,6,327,0.1688,0.07,uw,uw61336551,2017-10-02T18:04:42.810Z,"4km S of Morton, Washington",earthquake,0.99,1.88,0.094,3,reviewed,uw,uw
2017-10-02T13:55:13.029Z,64.6409,-149.2609,14.4,1.1,ml,,,,0.3,ak,ak16987055,2017-10-02T14:02:09.358Z,"9km NW of North Nenana, Alaska",earthquake,,0.4,,,automatic,ak,ak
2017-10-02T13:41:39.890Z,38.8165016,-122.7853317,1.96,0.52,md,6,110,0.004864,0.02,nc,nc72903091,2017-10-02T14:48:03.926Z,"5km W of Cobb, California",earthquake,0.58,1.57,0.02,2,automatic,nc,nc
2017-10-02T13:27:31.670Z,38.8328323,-122.7516632,0.68,1.18,md,7,106,0.00776,0.02,nc,nc72903081,2017-10-02T13:57:04.810Z,"2km WNW of Cobb, California",earthquake,0.44,1.15,0.01,3,automatic,nc,nc
2017-10-02T13:25:16.850Z,28.6895,51.6372,10,4.7,mb,,128,5.527,0.66,us,us2000axtl,2017-10-02T14:19:35.040Z,"76km SSE of Borazjan, Iran",earthquake,5.4,1.9,0.062,79,reviewed,us,us
2017-10-02T13:01:08.120Z,44.7795,-111.084,11.23,1.34,md,16,69,0.02312,0.09,uu,uu60250902,2017-10-02T15:03:13.470Z,"13km N of West Yellowstone, Montana",earthquake,0.41,0.47,0.211,11,reviewed,uu,uu
2017-10-02T12:55:42.600Z,19.4743328,-155.6031647,1.02,2.46,ml,50,42,0.01214,0.23,hv,hv61929981,2017-10-02T13:01:30.400Z,"27km E of Honaunau-Napoopoo, Hawaii",earthquake,0.31,0.33,0.33,26,automatic,hv,hv
2017-10-02T12:39:56.150Z,36.2851,-97.5037,3.93,2.6,mb_lg,,26,0.217,0.46,us,us2000axsh,2017-10-02T19:31:43.621Z,"19km W of Perry, Oklahoma",earthquake,1.3,7.7,0.104,24,reviewed,us,us
2017-10-02T12:30:49.624Z,38.4975,-118.2635,8.5,0.3,ml,5,150.14,0.085,0.0924,nn,nn00607859,2017-10-02T16:23:20.473Z,"31km E of Hawthorne, Nevada",earthquake,,5.3,0.37,3,reviewed,nn,nn
2017-10-02T12:25:30.357Z,63.1205,-151.1189,16.2,1.5,ml,,,,0.8,ak,ak16987046,2017-10-02T12:32:41.626Z,"102km NNW of Talkeetna, Alaska",earthquake,,0.5,,,automatic,ak,ak
2017-10-02T12:16:32.080Z,36.3171654,-120.8834991,6.77,1.4,md,8,188,0.121,0.05,nc,nc72903071,2017-10-02T12:48:03.641Z,"24km ENE of King City, California",earthquake,0.71,1.74,0.47,5,automatic,nc,nc
2017-10-02T12:08:34.440Z,13.209,-61.2682,136.91,4.3,mb,,84,1.134,0.52,us,us2000axs4,2017-10-02T12:34:09.040Z,"6km NNW of Kingstown Park, Saint Vincent and the Grenadines",earthquake,8.3,6.1,0.137,15,reviewed,us,us
2017-10-02T11:50:01.990Z,-37.3176,176.4854,354.86,4.3,mb,,96,0.884,0.67,us,us2000axsa,2017-10-02T12:25:35.040Z,"49km NE of Tauranga, New Zealand",earthquake,14.1,9.5,0.119,20,reviewed,us,us
2017-10-02T11:29:56.070Z,42.5716667,-111.2186667,3.5,1.6,ml,14,78,0.1458,0.16,uu,uu60250897,2017-10-02T18:18:21.620Z,"28km NNE of Montpelier, Idaho",earthquake,0.43,2.41,0.115,4,reviewed,uu,uu
2017-10-02T11:20:25.411Z,63.0196,-149.912,66,1.3,ml,,,,0.36,ak,ak16986042,2017-10-02T11:23:09.029Z,"63km SW of Cantwell, Alaska",earthquake,,1.3,,,automatic,ak,ak
2017-10-02T11:04:47.920Z,37.5304985,-118.8808365,3.04,1.02,md,10,195,0.07226,0.05,nc,nc72903066,2017-10-02T12:21:04.586Z,"15km SSE of Mammoth Lakes, California",earthquake,0.54,1.63,0.18,10,automatic,nc,nc
2017-10-02T10:49:26.267Z,63.3321,-145.3257,6.7,1.4,ml,,,,0.77,ak,ak16986039,2017-10-02T10:55:07.575Z,"60km S of Deltana, Alaska",earthquake,,0.3,,,automatic,ak,ak
2017-10-02T10:41:40.770Z,34.2925,-118.501,9.14,1.49,ml,34,40,0.01666,0.23,ci,ci38016776,2017-10-02T10:52:20.660Z,"2km N of Granada Hills, CA",earthquake,0.4,0.63,0.148,28,automatic,ci,ci
2017-10-02T10:40:25.170Z,19.9190006,-155.5240021,20.11,2.13,md,37,149,0.14,0.17,hv,hv61929926,2017-10-02T10:44:08.720Z,"18km SSW of Honoka'a, Hawaii",earthquake,0.54,1.24,0.15,7,automatic,hv,hv
2017-10-02T10:22:16.050Z,12.3486,-88.2184,35.55,4.9,mb,,113,1.192,1.48,us,us2000axrm,2017-10-02T10:53:15.040Z,"94km WSW of Jiquilillo, Nicaragua",earthquake,6.3,8.4,0.033,424,reviewed,us,us
2017-10-02T10:05:46.370Z,34.2083333,-117.0671667,2.04,1.12,ml,35,50,0.1048,0.15,ci,ci38016768,2017-10-02T12:22:16.618Z,"4km E of Running Springs, CA",earthquake,0.2,0.45,0.186,28,reviewed,ci,ci
2017-10-02T10:01:42.900Z,34.2078333,-117.0648333,2.06,1.75,ml,68,49,0.1048,0.17,ci,ci38016760,2017-10-02T12:23:15.110Z,"4km E of Running Springs, CA",earthquake,0.2,0.56,0.131,24,reviewed,ci,ci
2017-10-02T10:00:25.820Z,36.3650017,-120.9104996,8.55,2.12,md,17,162,0.106,0.07,nc,nc72903041,2017-10-02T10:20:03.335Z,"25km NE of King City, California",earthquake,0.4,1.04,0.23,16,automatic,nc,nc
2017-10-02T09:58:23.105Z,63.1057,-152.1495,3.5,1.7,ml,,,,0.37,ak,ak16985035,2017-10-02T10:04:48.657Z,"135km NW of Talkeetna, Alaska",earthquake,,0.4,,,automatic,ak,ak
2017-10-02T09:53:44.070Z,33.481,-116.4488333,8.33,1.08,ml,39,82,0.0465,0.21,ci,ci38016752,2017-10-02T12:22:39.285Z,"22km ESE of Anza, CA",earthquake,0.25,0.63,0.178,26,reviewed,ci,ci
2017-10-02T09:40:59.442Z,64.6842,-146.8806,6.7,1.1,ml,,,,0.59,ak,ak16985032,2017-10-02T09:48:56.275Z,"8km ENE of Eielson Air Force Base, Alaska",earthquake,,0.4,,,automatic,ak,ak
2017-10-02T09:34:55.370Z,33.5348333,-116.9548333,10.63,0.69,ml,9,162,0.1006,0.26,ci,ci38016744,2017-10-02T09:38:44.548Z,"13km NW of Aguanga, CA",earthquake,0.91,2.68,0.278,8,automatic,ci,ci
2017-10-02T09:31:47.930Z,35.88,-90.1365,10.55,1.71,md,11,81,0.04321,0.06,nm,nm60207636,2017-10-02T12:35:10.690Z,"2km E of Manila, Arkansas",earthquake,0.27,0.5,0.03,6,reviewed,nm,nm
2017-10-02T09:22:41.680Z,42.3848333,-111.4808333,5.67,1.5,ml,12,64,0.2015,0.12,uu,uu60250892,2017-10-02T18:24:02.850Z,"16km WNW of Montpelier, Idaho",earthquake,0.44,3.29,0.119,3,reviewed,uu,uu
2017-10-02T09:17:55.499Z,37.1076,-117.0582,7.5,0.3,ml,4,270.95,0.129,0.1101,nn,nn00607856,2017-10-02T16:07:09.452Z,"34km NW of Beatty, Nevada",earthquake,,4,0.47,4,reviewed,nn,nn
2017-10-02T09:10:03.480Z,38.8258324,-122.7965012,2.81,0.86,md,12,95,0.01088,0.02,nc,nc72903036,2017-10-02T09:39:04.231Z,"6km W of Cobb, California",earthquake,0.57,0.73,0.07,3,automatic,nc,nc
2017-10-02T09:05:04.740Z,34.4551667,-117.9338333,9.48,0.88,ml,14,66,0.01888,0.15,ci,ci38016736,2017-10-02T09:08:47.537Z,"6km SSW of Pearblossum, CA",earthquake,0.36,0.7,0.2,23,automatic,ci,ci
2017-10-02T09:00:28.790Z,34.2075,-117.0636667,1.52,1.03,ml,27,50,0.1048,0.16,ci,ci38016728,2017-10-02T09:04:14.932Z,"4km E of Running Springs, CA",earthquake,0.24,0.39,0.176,29,automatic,ci,ci
2017-10-02T08:41:08.380Z,16.708,-94.8824,65.53,4.3,mb,,175,2.667,0.86,us,us2000axr0,2017-10-02T11:16:43.040Z,"25km SE of Matias Romero, Mexico",earthquake,5.4,14.6,0.06,79,reviewed,us,us
2017-10-02T08:34:52.240Z,33.4786667,-116.735,14.12,0.72,ml,9,144,0.1779,0.26,ci,ci38016720,2017-10-02T08:38:35.266Z,"10km SW of Anza, CA",earthquake,1.18,3.64,0.206,9,automatic,ci,ci
2017-10-02T08:33:38.730Z,38.8073349,-122.8106689,1.63,1.64,md,20,77,0.01202,0.05,nc,nc72903031,2017-10-02T09:03:05.152Z,"5km NW of The Geysers, California",earthquake,0.27,0.38,0.11,5,automatic,nc,nc
2017-10-02T08:26:25.360Z,33.0053333,-116.2176667,14.8,0.74,ml,12,128,0.1893,0.19,ci,ci38016712,2017-10-02T08:30:01.265Z,"17km SSW of Ocotillo Wells, CA",earthquake,0.43,1.26,0.176,9,automatic,ci,ci
2017-10-02T08:10:30.720Z,42.5203333,-111.4165,8.15,1.44,ml,10,87,0.05522,0.12,uu,uu60250882,2017-10-02T18:41:00.980Z,"21km SE of Soda Springs, Idaho",earthquake,0.52,0.77,0.129,3,reviewed,uu,uu
2017-10-02T07:53:24.620Z,42.5443333,-111.4143333,7.62,1.13,md,8,83,0.04942,0.1,uu,uu60250877,2017-10-02T18:46:42.150Z,"19km SE of Soda Springs, Idaho",earthquake,0.46,0.65,0.179,5,reviewed,uu,uu
2017-10-02T07:41:07.570Z,33.3203333,-117.2646667,12.18,1.74,ml,8,283,0.4636,0.15,ci,ci38016696,2017-10-02T07:44:47.361Z,"5km E of Camp Pendleton North, CA",earthquake,1.95,31.61,0.234,6,automatic,ci,ci
2017-10-02T07:34:16.060Z,33.1801667,-116.0001667,3.71,1.31,ml,30,101,0.1618,0.26,ci,ci38016688,2017-10-02T07:37:43.344Z,"13km ENE of Ocotillo Wells, CA",earthquake,0.48,2.07,0.159,26,automatic,ci,ci
2017-10-02T07:16:30.896Z,39.5594,-119.9328,5.4,0.1,ml,4,213.33,0.053,0.0477,nn,nn00607881,2017-10-02T18:33:29.143Z,"5km N of Mogul, Nevada",earthquake,,12.7,0,1,reviewed,nn,nn
2017-10-02T07:01:05.686Z,63.1998,-151.5448,0,2.3,ml,,,,0.92,ak,ak16985021,2017-10-02T07:15:40.561Z,"122km NW of Talkeetna, Alaska",earthquake,,0.3,,,automatic,ak,ak
2017-10-02T06:58:19.500Z,67.3068,-155.4204,0,1.7,ml,,,,0.48,ak,ak16985020,2017-10-02T07:01:49.396Z,"77km NE of Kobuk, Alaska",earthquake,,0.3,,,automatic,ak,ak
2017-10-02T06:52:50.610Z,33.7103333,-117.7741667,12.54,1.08,ml,19,122,0.04645,0.26,ci,ci38016680,2017-10-02T06:56:28.709Z,"3km NNE of Irvine, CA",earthquake,0.61,0.99,0.317,21,automatic,ci,ci
2017-10-02T06:52:11.140Z,36.8494,-115.9363,10.4,0.1,ml,11,193.99,0.103,0.1448,nn,nn00607887,2017-10-02T18:49:43.335Z,"71km N of Pahrump, Nevada",earthquake,,2.9,0.22,5,reviewed,nn,nn
2017-10-02T06:44:58.712Z,65.5759,-148.829,9.2,1.1,ml,,,,0.65,ak,ak16985018,2017-10-02T06:51:01.229Z,"89km NNW of Ester, Alaska",earthquake,,0.4,,,automatic,ak,ak
2017-10-02T06:38:18.850Z,19.2455006,-155.4123383,33.84,1.98,ml,56,89,0.01612,0.14,hv,hv61929841,2017-10-02T06:44:07.860Z,"8km ENE of Pahala, Hawaii",earthquake,0.5,0.62,0.22,5,automatic,hv,hv
2017-10-02T06:33:54.500Z,38.8339996,-122.7910004,2.13,0.56,md,8,103,0.01428,0.02,nc,nc72903021,2017-10-02T08:19:03.054Z,"6km WNW of Cobb, California",earthquake,0.45,1.63,,1,automatic,nc,nc
2017-10-02T06:32:03.790Z,34.9895,-82.8946667,0.16,1.9,md,7,215,0.03061,0.32,se,se60045313,2017-10-02T12:24:01.370Z,"20km NW of Pickens, South Carolina",earthquake,1.77,6.12,0.032,4,reviewed,se,se
2017-10-02T06:28:51.082Z,65.155,-148.5467,3.8,1.1,ml,,,,0.37,ak,ak16984019,2017-10-02T06:34:08.543Z,"42km NW of Ester, Alaska",earthquake,,0.5,,,automatic,ak,ak
2017-10-02T06:23:56.678Z,38.2439,-118.7334,19.5,0.1,ml,3,330.69,0.18,0.0387,nn,nn00607890,2017-10-02T18:53:05.647Z,"32km SSW of Hawthorne, Nevada",earthquake,,17.5,0.2,3,reviewed,nn,nn
2017-10-02T06:16:44.470Z,33.0406667,-116.4246667,9.85,1.02,ml,34,71,0.1483,0.21,ci,ci38016672,2017-10-02T06:20:30.276Z,"17km ESE of Julian, CA",earthquake,0.37,0.78,0.149,23,automatic,ci,ci
2017-10-02T06:14:31.383Z,61.9608,-150.2817,23.3,1.4,ml,,,,0.19,ak,ak16984018,2017-10-02T06:17:15.564Z,"27km NNW of Willow, Alaska",earthquake,,0.3,,,automatic,ak,ak
2017-10-02T06:12:56.930Z,38.6003333,-112.0338333,7.01,1.58,ml,10,82,0.1427,0.07,uu,uu60250872,2017-10-02T16:29:00.130Z,"8km ESE of Monroe, Utah",earthquake,0.33,2.19,0.29,5,reviewed,uu,uu
2017-10-02T06:06:21.290Z,58.7701,-154.1032,99,3,ml,,,,0.73,ak,ak16984009,2017-10-02T06:17:15.352Z,"118km SSE of Old Iliamna, Alaska",earthquake,,0.9,,,automatic,ak,ak
2017-10-02T06:02:47.170Z,42.5621667,-111.4096667,7.8,1.58,ml,12,59,0.03877,0.16,uu,uu60250867,2017-10-02T18:50:20.180Z,"18km ESE of Soda Springs, Idaho",earthquake,0.47,0.73,0.13,4,reviewed,uu,uu
2017-10-02T06:00:37.060Z,-41.7636,174.3565,24.13,4.2,mwr,,95,0.107,0.99,us,us2000axq4,2017-10-02T11:11:54.232Z,"43km SE of Blenheim, New Zealand",earthquake,3,6.3,0.062,25,reviewed,us,us
2017-10-02T05:59:15.030Z,38.8263321,-122.8051682,2.34,0.79,md,8,92,0.004826,0.02,nc,nc72903011,2017-10-02T07:28:02.937Z,"6km NW of The Geysers, California",earthquake,0.49,0.48,0.23,2,automatic,nc,nc
2017-10-02T05:46:45.850Z,32.7808333,-116.5891667,12.71,1.49,ml,32,52,0.1224,0.22,ci,ci38016664,2017-10-02T12:25:20.640Z,"7km SW of Pine Valley, CA",earthquake,0.34,0.94,0.185,18,reviewed,ci,ci
2017-10-02T05:45:45.260Z,33.1778333,-116.0083333,10.17,2.39,ml,63,37,0.1673,0.23,ci,ci38016656,2017-10-02T05:56:36.990Z,"12km ENE of Ocotillo Wells, CA",earthquake,0.24,1.05,0.172,26,automatic,ci,ci
2017-10-02T05:45:26.070Z,-21.8514,-179.4587,582.95,4.7,mb,,50,4.709,0.84,us,us2000axq3,2017-10-02T06:36:05.040Z,"154km SSW of Ndoi Island, Fiji",earthquake,9.9,6.1,0.036,239,reviewed,us,us
2017-10-02T05:42:39.240Z,33.1788333,-116.0086667,9.34,2.46,ml,63,36,0.1679,0.24,ci,ci38016648,2017-10-02T05:53:32.530Z,"12km ENE of Ocotillo Wells, CA",earthquake,0.25,1.27,0.147,26,automatic,ci,ci
2017-10-02T05:30:19.710Z,47.8878333,-122.8935,54.22,3.25,ml,64,25,0.07564,0.18,uw,uw61336471,2017-10-02T19:01:39.974Z,"15km WSW of Port Ludlow, Washington",earthquake,0.34,0.47,0.16,66,reviewed,uw,uw
2017-10-02T05:29:59.290Z,33.2253333,-116.5895,17.27,0.48,ml,22,115,0.05502,0.18,ci,ci38016640,2017-10-02T12:24:57.629Z,"8km SSE of Warner Springs, CA",earthquake,0.42,0.67,0.115,10,reviewed,ci,ci
2017-10-02T05:29:39.830Z,36.2436667,-89.5278333,7.74,1.51,md,11,78,0.01835,0.04,nm,nm60207631,2017-10-02T13:10:12.710Z,"4km WSW of Ridgely, Tennessee",earthquake,0.32,0.49,0.07,6,reviewed,nm,nm
2017-10-02T05:24:53.862Z,37.0864,-117.0491,8.3,0.5,ml,7,264.13,0.107,0.1687,nn,nn00607889,2017-10-02T18:49:54.993Z,"32km NW of Beatty, Nevada",earthquake,,3.4,0.73,4,reviewed,nn,nn
2017-10-02T05:15:46.217Z,37.0814,-117.0518,8.8,1,ml,11,254.59,0.102,0.1488,nn,nn00607885,2017-10-02T18:46:18.634Z,"32km NW of Beatty, Nevada",earthquake,,2.6,0.43,8,reviewed,nn,nn
2017-10-02T05:14:56.080Z,33.2793333,-116.2223333,9.64,0.92,ml,26,135,0.09039,0.23,ci,ci38016624,2017-10-02T12:25:12.947Z,"14km E of Borrego Springs, CA",earthquake,0.52,1.08,0.109,21,reviewed,ci,ci
2017-10-02T05:13:25.270Z,38.1132,72.4324,115.18,4.8,mb,,94,1.773,1.13,us,us2000axpv,2017-10-02T05:27:20.040Z,"90km ESE of Vanj, Tajikistan",earthquake,5,9.3,0.094,35,reviewed,us,us
2017-10-02T05:12:57.530Z,33.5193333,-116.5545,13.39,0.69,ml,29,77,0.04283,0.22,ci,ci38016616,2017-10-02T05:16:32.409Z,"12km ESE of Anza, CA",earthquake,0.35,0.57,0.12,21,automatic,ci,ci
2017-10-02T05:02:11.510Z,33.4908333,-116.8091667,2.02,0.21,ml,17,76,0.09558,0.24,ci,ci38016608,2017-10-02T05:05:42.982Z,"7km NE of Aguanga, CA",earthquake,0.54,0.95,0.043,6,automatic,ci,ci
2017-10-02T04:52:25.331Z,66.5767,-147.5212,2.8,1.4,ml,,,,0.4,ak,ak16983007,2017-10-02T04:59:07.990Z,"99km W of Fort Yukon, Alaska",earthquake,,0.4,,,automatic,ak,ak
2017-10-02T04:48:05.230Z,35.9681664,-120.5246658,10.48,1.94,md,32,87,0.02446,0.04,nc,nc72902986,2017-10-02T05:42:02.636Z,"24km SW of Coalinga, California",earthquake,0.26,0.35,0.16,19,automatic,nc,nc
2017-10-02T04:46:44.410Z,36.9048,-97.5118,4.52,2.2,mb_lg,,30,0.111,0.23,us,us2000axpm,2017-10-02T05:26:53.940Z,"16km SSE of Caldwell, Kansas",earthquake,0.8,4.9,0.154,11,reviewed,us,us
2017-10-02T04:43:07.470Z,38.8153343,-122.7925034,3.41,0.75,md,9,91,0.007674,0.01,nc,nc72902981,2017-10-02T05:14:03.564Z,"5km NW of The Geysers, California",earthquake,0.51,1.01,0.16,2,automatic,nc,nc
2017-10-02T04:38:42.990Z,46.3451667,-122.2451667,8.35,1.29,ml,21,155,0.02025,0.16,uw,uw61336446,2017-10-02T04:53:13.390Z,"23km S of Morton, Washington",earthquake,0.64,0.69,0.156,16,reviewed,uw,uw
2017-10-02T04:35:17.513Z,37.0828,-117.0447,7.6,0.9,ml,21,104.56,0.103,0.1796,nn,nn00607845,2017-10-02T15:17:36.998Z,"31km NW of Beatty, Nevada",earthquake,,1.7,0.47,9,reviewed,nn,nn
2017-10-02T04:29:15.700Z,33.5003333,-116.796,4.76,2.31,ml,78,29,0.08134,0.23,ci,ci38016584,2017-10-02T11:56:13.166Z,"9km NE of Aguanga, CA",earthquake,0.18,1.1,0.135,25,automatic,ci,ci
2017-10-02T04:22:21.807Z,40.0969,-119.6718,8.9,0.5,ml,9,238.67,0.445,0.1071,nn,nn00607882,2017-10-02T18:39:47.439Z,"49km N of Spanish Springs, Nevada",earthquake,,4.9,0.12,3,reviewed,nn,nn
2017-10-02T04:18:29.492Z,39.4684,-119.8045,8.7,0.2,ml,7,141.3,0.084,0.0992,nn,nn00607879,2017-10-02T18:33:25.885Z,"6km S of Reno, Nevada",earthquake,,2.8,0.17,2,reviewed,nn,nn
2017-10-02T04:09:07.110Z,42.6401667,-111.4111667,-1.04,1.41,md,14,108,0.0354,0.11,uu,uu60250862,2017-10-02T18:54:29.040Z,"15km E of Soda Springs, Idaho",earthquake,0.48,0.53,0.15,4,reviewed,uu,uu
2017-10-02T04:01:59.110Z,33.0288333,-116.43,3.21,1,ml,30,102,0.1366,0.2,ci,ci38016576,2017-10-02T12:26:27.800Z,"17km ESE of Julian, CA",earthquake,0.32,1.1,0.173,24,reviewed,ci,ci
2017-10-02T03:57:25.830Z,33.2468333,-116.044,4,1.09,ml,25,81,0.1841,0.25,ci,ci38016568,2017-10-02T04:01:01.034Z,"10km SW of Salton City, CA",earthquake,0.5,2.23,0.12,27,automatic,ci,ci
2017-10-02T03:50:37.980Z,42.6083333,-111.4461667,6.68,1.42,ml,12,71,0.02339,0.13,uu,uu60250857,2017-10-02T18:58:37.800Z,"13km ESE of Soda Springs, Idaho",earthquake,0.41,0.41,0.201,2,reviewed,uu,uu
2017-10-02T03:42:02.710Z,33.328,-116.7538333,12.26,0.43,ml,19,95,0.09187,0.16,ci,ci38016560,2017-10-02T12:27:55.291Z,"10km N of Lake Henshaw, CA",earthquake,0.45,0.87,0.134,10,reviewed,ci,ci
2017-10-02T03:39:37.280Z,35.754,-118.4821667,3.27,1.32,ml,16,81,0.06335,0.11,ci,ci38016552,2017-10-02T12:28:23.580Z,"5km W of Kernville, CA",earthquake,0.27,0.89,0.195,19,reviewed,ci,ci
2017-10-02T03:37:46.040Z,19.3974991,-155.0218353,0.02,2.26,ml,49,164,0.03957,0.32,hv,hv61929701,2017-10-02T03:43:30.490Z,"13km SW of Leilani Estates, Hawaii",earthquake,0.98,0.27,0.19,8,automatic,hv,hv
2017-10-02T03:32:58.660Z,36.2819,-97.5196,4.38,2.5,mb_lg,,27,0.206,0.27,us,us2000axp9,2017-10-02T17:40:45.833Z,"20km W of Perry, Oklahoma",earthquake,1,3.9,0.114,20,reviewed,us,us
2017-10-02T03:31:57.840Z,33.4925,-116.7875,4.57,0.34,ml,15,82,0.08393,0.1,ci,ci38016544,2017-10-02T03:35:47.207Z,"9km NE of Aguanga, CA",earthquake,0.23,0.38,0.107,8,automatic,ci,ci
2017-10-02T03:05:12.980Z,37.5149994,-118.8848343,5.7,1.01,md,13,177,0.08701,0.02,nc,nc72902966,2017-10-02T04:00:03.376Z,"16km SSE of Mammoth Lakes, California",earthquake,0.5,1.54,0.11,12,automatic,nc,nc
2017-10-02T03:02:43.596Z,55.7636,-154.9176,20.8,3.4,ml,,,,0.72,ak,ak16982006,2017-10-02T17:03:01.253Z,"44km E of Chirikof Island, Alaska",earthquake,,0.7,,,reviewed,ak,ak
2017-10-02T03:02:30.820Z,46.8582,-112.5073,10.64,2.7,ml,,54,0.055,0.74,us,us2000axp5,2017-10-02T17:26:38.632Z,"17km SE of Lincoln, Montana",earthquake,4.3,5.8,0.052,48,reviewed,us,us
2017-10-02T02:59:55.560Z,37.5923347,-118.856163,-2.25,0.85,md,8,190,0.02161,0.31,nc,nc72902961,2017-10-02T03:32:02.317Z,"11km ESE of Mammoth Lakes, California",earthquake,1.46,3.35,0.26,8,automatic,nc,nc
2017-10-02T02:38:40.921Z,39.1996,-119.6499,4.8,0.8,ml,13,63.63,0.072,0.1434,nn,nn00607858,2017-10-02T16:23:12.746Z,"6km SW of Dayton, Nevada",earthquake,,1.6,0.22,5,reviewed,nn,nn
2017-10-02T02:38:28.120Z,42.5166667,-111.4183333,6.74,1.01,md,11,67,0.05335,0.09,uu,uu60250847,2017-10-02T19:02:15.940Z,"21km SE of Soda Springs, Idaho",earthquake,0.41,0.7,0.127,4,reviewed,uu,uu
2017-10-02T02:36:00.518Z,39.197,-119.6502,5.9,0.6,ml,16,64.05,0.071,0.1785,nn,nn00607852,2017-10-02T15:39:25.406Z,"6km SW of Dayton, Nevada",earthquake,,2.9,0.48,6,reviewed,nn,nn
2017-10-02T02:23:09.050Z,44.7383333,-111.1748333,4.88,0.7,md,7,82,0.01968,0.05,uu,uu60250842,2017-10-02T19:11:35.320Z,"10km NNW of West Yellowstone, Montana",earthquake,0.4,0.56,0.239,6,reviewed,uu,uu
2017-10-02T01:56:13.983Z,61.2439,-146.8167,26.6,1.1,ml,,,,1.23,ak,ak16982001,2017-10-02T02:02:30.354Z,"28km WNW of Valdez, Alaska",earthquake,,0.4,,,automatic,ak,ak
2017-10-02T01:56:04.560Z,42.5206667,-111.4118333,7.35,1.18,md,15,47,0.05337,0.1,uu,uu60250837,2017-10-02T19:07:26.470Z,"21km SE of Soda Springs, Idaho",earthquake,0.32,0.58,0.104,3,reviewed,uu,uu
2017-10-02T01:38:11.227Z,63.4358,-151.4652,10,0.7,ml,,,,0.43,ak,ak16981998,2017-10-02T16:57:15.694Z,"125km W of Cantwell, Alaska",earthquake,,0,,,reviewed,ak,ak
2017-10-02T01:36:45.944Z,63.1691,-151.5285,0,1.3,ml,,,,0.49,ak,ak16981996,2017-10-02T01:49:10.328Z,"118km NW of Talkeetna, Alaska",earthquake,,0.4,,,automatic,ak,ak
2017-10-02T01:35:56.528Z,59.5948,-151.6012,56.3,1.4,ml,,,,0.23,ak,ak16982000,2017-10-02T16:55:03.491Z,"6km SSW of Homer, Alaska",earthquake,,0.5,,,reviewed,ak,ak
2017-10-02T01:29:02.490Z,42.5178,-111.4159,6.97,2.6,ml,,51,0.053,0.3,us,us2000axnx,2017-10-02T19:17:16.550Z,"21km SE of Soda Springs, Idaho",earthquake,1.2,2.2,0.042,76,reviewed,us,us
2017-10-02T01:27:58.571Z,63.3329,-145.2312,7.3,1.8,ml,,,,0.65,ak,ak16981992,2017-10-02T01:39:12.739Z,"60km S of Deltana, Alaska",earthquake,,0.2,,,automatic,ak,ak
2017-10-02T01:23:18.200Z,33.5093333,-116.7871667,9.26,1.76,ml,16,79,0.08631,0.18,ci,ci38016520,2017-10-02T01:27:05.435Z,"10km NE of Aguanga, CA",earthquake,0.36,1.06,0.257,13,automatic,ci,ci
2017-10-02T01:10:41.890Z,36.0791667,-117.699,2.62,0.61,ml,8,85,0.07604,0.07,ci,ci38016512,2017-10-02T12:28:55.748Z,"23km E of Coso Junction, CA",earthquake,0.21,7.4,0.166,3,reviewed,ci,ci
2017-10-02T00:56:27.370Z,38.402668,-122.4278336,7.37,1.5,md,12,76,0.06215,0.09,nc,nc72902936,2017-10-02T01:51:05.047Z,"5km W of Yountville, California",earthquake,0.38,0.88,0.16,10,automatic,nc,nc
2017-10-02T00:56:20.190Z,42.5188333,-111.4175,6.5,1.35,ml,12,80,0.05455,0.14,uu,uu60250827,2017-10-02T19:21:56.180Z,"21km SE of Soda Springs, Idaho",earthquake,0.45,0.87,0.206,4,reviewed,uu,uu
2017-10-02T00:52:51.670Z,42.5126667,-111.4223333,7.8,1.43,ml,11,88,0.05266,0.13,uu,uu60250822,2017-10-02T19:24:32.710Z,"21km SE of Soda Springs, Idaho",earthquake,0.64,0.68,0.407,2,reviewed,uu,uu
2017-10-02T00:49:24.520Z,19.484333,-155.5845032,2.03,1.71,ml,13,66,0.01194,0.24,hv,hv61929496,2017-10-02T00:55:06.830Z,"29km E of Honaunau-Napoopoo, Hawaii",earthquake,0.52,0.4,0.21,3,automatic,hv,hv
2017-10-02T00:48:49.730Z,48.1543333,-122.7411667,20.21,0.94,ml,12,57,0.1531,0.17,uw,uw61336411,2017-10-02T18:28:31.230Z,"4km NNE of Port Townsend, Washington",earthquake,0.45,0.93,0.205,7,reviewed,uw,uw
2017-10-02T00:21:03.272Z,61.5177,-149.7914,34.2,1.5,ml,,,,0.74,ak,ak16981986,2017-10-02T00:27:40.303Z,"8km E of Big Lake, Alaska",earthquake,,0.2,,,automatic,ak,ak
2017-10-02T00:17:48.250Z,33.5023333,-116.7936667,5.16,1.6,ml,59,31,0.07857,0.23,ci,ci38016496,2017-10-02T12:30:35.610Z,"9km NE of Aguanga, CA",earthquake,0.19,1.09,0.105,26,reviewed,ci,ci
2017-10-02T00:12:49.120Z,33.4911667,-116.7905,4.5,0.59,ml,23,83,0.08635,0.16,ci,ci38016480,2017-10-02T12:29:47.751Z,"9km NE of Aguanga, CA",earthquake,0.26,0.53,0.105,21,reviewed,ci,ci
2017-10-02T00:09:29.480Z,38.8241653,-122.8071671,4.04,0.88,md,8,161,0.002397,0.02,nc,nc72902926,2017-10-02T01:07:02.908Z,"6km NW of The Geysers, California",earthquake,0.75,2.64,,2,automatic,nc,nc
2017-10-02T00:06:54.990Z,38.8106651,-122.815834,2.75,0.84,md,11,90,0.01058,0.03,nc,nc72902921,2017-10-02T00:39:03.838Z,"6km NW of The Geysers, California",earthquake,0.32,0.62,0.05,4,automatic,nc,nc
2017-10-01T23:49:20.242Z,37.1971,-114.7954,7.1,2.5,ml,32,83.71,0.292,0.193,nn,nn00607841,2017-10-02T05:27:10.040Z,"37km ESE of Alamo, Nevada",earthquake,,1.4,0.27,17,reviewed,nn,nn
2017-10-01T23:47:56.700Z,40.3085,-124.5061667,21.45,2.66,md,31,229,0.2108,0.08,nc,nc72902911,2017-10-02T17:54:02.765Z,"36km SW of Ferndale, California",earthquake,0.62,0.31,0.142,42,reviewed,nc,nc
2017-10-01T23:43:24.355Z,63.1042,-150.607,123,1.9,ml,,,,0.32,ak,ak16981979,2017-10-01T23:47:47.872Z,"89km WSW of Cantwell, Alaska",earthquake,,0.7,,,automatic,ak,ak
2017-10-01T23:14:31.788Z,60.887,-138.1646,2.6,1.5,ml,,,,0.57,ak,ak16980981,2017-10-01T23:22:01.026Z,"38km WNW of Haines Junction, Canada",earthquake,,0.3,,,automatic,ak,ak
2017-10-01T23:07:33.440Z,33.9766667,-116.2758333,2.65,1.6,ml,42,37,0.0993,0.18,ci,ci38016456,2017-10-01T23:18:14.180Z,"18km S of Joshua Tree, CA",earthquake,0.24,0.51,0.145,26,automatic,ci,ci
2017-10-01T23:01:15.730Z,38.8168335,-122.8101654,1.1,1.02,md,15,65,0.006552,0.02,nc,nc72902901,2017-10-01T23:34:04.678Z,"6km NW of The Geysers, California",earthquake,0.23,0.35,0.06,6,automatic,nc,nc
2017-10-01T22:32:44.947Z,60.5412,-141.9098,16.1,1.2,ml,,,,0.41,ak,ak16980976,2017-10-01T22:38:51.353Z,"60km NNE of Cape Yakataga, Alaska",earthquake,,0.3,,,automatic,ak,ak
2017-10-01T22:24:19.514Z,61.9315,-149.1388,6.8,1.8,ml,,,,0.76,ak,ak16980971,2017-10-01T22:32:29.449Z,"21km NNE of Fishhook, Alaska",earthquake,,0.2,,,automatic,ak,ak
2017-10-01T22:22:19.627Z,39.7631,-119.6949,6.9,0.9,ml,19,92,0.2,0.2223,nn,nn00607835,2017-10-01T22:39:34.842Z,"12km N of Spanish Springs, Nevada",earthquake,,2.1,0.28,5,reviewed,nn,nn
2017-10-01T22:20:01.940Z,65.528,-149.9717,13.9,2,ml,,,,0.55,ak,ak16980968,2017-10-01T22:32:29.659Z,"66km NNE of Manley Hot Springs, Alaska",earthquake,,0.2,,,automatic,ak,ak
2017-10-01T22:09:30.280Z,46.8703333,-121.6988333,2.24,0.86,ml,7,175,0.02297,0.12,uw,uw61336361,2017-10-01T23:01:06.090Z,"29km N of Packwood, Washington",earthquake,1.18,31.61,0.211,6,reviewed,uw,uw
2017-10-01T22:06:22.815Z,60.0183,-139.4801,0,1.7,ml,,,,0.76,ak,ak16980965,2017-10-01T22:17:05.374Z,"54km NNE of Yakutat, Alaska",earthquake,,0.4,,,automatic,ak,ak
2017-10-01T22:01:59.120Z,33.714,-116.8326667,16.17,1.5,ml,52,42,0.0806,0.25,ci,ci38016448,2017-10-01T22:12:58.760Z,"7km SE of Valle Vista, CA",earthquake,0.27,0.52,0.192,26,automatic,ci,ci
2017-10-01T21:45:19.860Z,33.512,-116.7956667,4.95,0.84,ml,31,36,0.0722,0.17,ci,ci38016440,2017-10-01T21:48:55.166Z,"10km NE of Aguanga, CA",earthquake,0.22,1.21,0.112,25,automatic,ci,ci
2017-10-01T21:35:33.690Z,39.1963,-119.6519,5.8,1.4,ml,20,62.31,0.07,0.146,nn,nn00607826,2017-10-02T19:16:35.148Z,"6km SW of Dayton, Nevada",earthquake,,1.7,0.26,10,reviewed,nn,nn
2017-10-01T21:32:16.515Z,38.227,-118.4447,7,-0.2,ml,4,249.51,0.053,0.1138,nn,nn00607836,2017-10-01T22:30:07.734Z,"36km SSE of Hawthorne, Nevada",earthquake,,9.1,0.16,2,reviewed,nn,nn
2017-10-01T21:22:52.104Z,37.388,-118.4467,10,1.1,ml,13,91.14,0.094,0.1619,nn,nn00607834,2017-10-01T22:30:06.818Z,"2km W of Dixon Lane-Meadow Creek, California",earthquake,,2.1,0.26,3,reviewed,nn,nn
2017-10-01T21:18:30.615Z,61.4265,-149.8631,46.8,1.2,ml,,,,0.25,ak,ak16980964,2017-10-01T21:25:26.126Z,"11km SSE of Big Lake, Alaska",earthquake,,0.9,,,automatic,ak,ak
2017-10-01T21:08:49.610Z,49.3235,-120.5676667,-1.5,1.82,ml,11,286,0.8682,0.45,uw,uw61336341,2017-10-02T19:25:32.200Z,"15km SSW of Princeton, Canada",explosion,3.22,31.61,0.217,9,reviewed,uw,uw
2017-10-01T20:42:22.299Z,64.5758,-149.2079,15.6,1.1,ml,,,,0.62,ak,ak16980957,2017-10-01T20:46:38.388Z,"4km W of North Nenana, Alaska",earthquake,,0.1,,,automatic,ak,ak
2017-10-01T20:39:20.657Z,59.7744,-136.6975,0,1.7,ml,,,,0.64,ak,ak16980945,2017-10-01T20:44:57.778Z,"85km WNW of Skagway, Alaska",earthquake,,0.4,,,automatic,ak,ak
2017-10-01T20:38:57.968Z,59.2151,-152.2691,55.5,2.7,ml,,,,0.55,ak,ak16980939,2017-10-01T20:52:40.464Z,"62km SW of Homer, Alaska",earthquake,,0.8,,,automatic,ak,ak
2017-10-01T20:38:52.904Z,61.5648,-149.1083,11.6,2,ml,,,,1.04,ak,ak16980943,2017-10-01T20:43:16.373Z,"3km S of Palmer, Alaska",earthquake,,0.7,,,automatic,ak,ak
2017-10-01T20:38:33.260Z,37.6106682,-118.8184967,3.26,1.07,md,8,124,0.02226,0.01,nc,nc72902876,2017-10-01T21:29:02.324Z,"14km ESE of Mammoth Lakes, California",earthquake,0.64,0.79,0.19,8,automatic,nc,nc
2017-10-01T20:34:27.740Z,35.9855,-96.7952,3.13,2.5,mb_lg,,55,0.01,0.28,us,us2000axlg,2017-10-02T14:43:29.924Z,"2km W of Cushing, Oklahoma",earthquake,1.3,3,0.154,11,reviewed,us,us
2017-10-01T20:34:04.690Z,36.9803352,-121.623497,1.8,1.35,md,9,72,0.04155,0.09,nc,nc72902871,2017-10-01T21:04:02.265Z,"5km WSW of Gilroy, California",earthquake,0.4,2.01,0.21,9,automatic,nc,nc
2017-10-01T20:32:45.114Z,62.2982,-149.3529,27.5,1.6,ml,,,,0.7,ak,ak16980936,2017-10-01T20:39:54.499Z,"30km ENE of Y, Alaska",earthquake,,0.3,,,automatic,ak,ak
2017-10-01T20:12:55.100Z,38.0747,-119.0233,8.8,0.7,ml,12,93.04,0.127,0.1064,nn,nn00607823,2017-10-01T21:28:20.534Z,"27km SE of Bridgeport, California",earthquake,,6,0.13,2,reviewed,nn,nn
2017-10-01T19:43:43.210Z,36.1992,-97.4467,5.42,3.3,mb_lg,,28,0.181,0.52,us,us2000axkq,2017-10-02T14:39:24.974Z,"17km SW of Perry, Oklahoma",earthquake,1.7,7.3,0.048,113,reviewed,us,us
